{
  "eslint.config.mjs": 1776640374.3169327,
  "graphify_ast_run.py": 1777423010.8402464,
  "next-env.d.ts": 1777411738.852086,
  "next.config.ts": 1776866944.5593188,
  "postcss.config.mjs": 1776640374.4217093,
  "python-backend\\main.py": 1777411537.5653794,
  "python-backend\\prime_cache.py": 1777409985.1683152,
  "src\\app\\layout.tsx": 1776811169.5769095,
  "src\\app\\loading.tsx": 1776816826.2063978,
  "src\\app\\page.tsx": 1776798496.1917284,
  "src\\app\\ai\\page.tsx": 1776821865.064912,
  "src\\app\\analysis\\page.tsx": 1777412104.2888649,
  "src\\app\\analytics\\page.tsx": 1776825445.9973507,
  "src\\app\\api\\chat\\route.ts": 1776824483.8291295,
  "src\\app\\api\\f1\\[...path]\\route.ts": 1776821757.9903846,
  "src\\app\\api\\insights\\route.ts": 1776824489.5866852,
  "src\\app\\api\\live-timing\\route.ts": 1776824499.086105,
  "src\\app\\auth\\page.tsx": 1776822449.0944,
  "src\\app\\calendar\\page.tsx": 1776822460.5519607,
  "src\\app\\championship\\page.tsx": 1776825451.9704616,
  "src\\app\\drivers\\page.tsx": 1776696356.5118482,
  "src\\app\\fantasy\\page.tsx": 1776822485.1402397,
  "src\\app\\history\\page.tsx": 1776824625.1225507,
  "src\\app\\live\\page.tsx": 1776822503.444762,
  "src\\app\\notifications\\page.tsx": 1776646807.7087162,
  "src\\app\\qualifying\\page.tsx": 1776824581.3432071,
  "src\\app\\replay\\page.tsx": 1776822938.117534,
  "src\\app\\settings\\page.tsx": 1776647075.8014603,
  "src\\app\\strategy\\page.tsx": 1776824653.1715574,
  "src\\app\\teams\\page.tsx": 1776822961.834252,
  "src\\app\\voice\\page.tsx": 1776650061.2689435,
  "src\\components\\dashboard\\ConstructorStandingsCard.tsx": 1776688698.2749043,
  "src\\components\\dashboard\\DriverStandingsCard.tsx": 1776822970.8778272,
  "src\\components\\dashboard\\HeroSection.tsx": 1777412278.5569046,
  "src\\components\\dashboard\\LastRaceResults.tsx": 1776822979.6380377,
  "src\\components\\dashboard\\NextRaceCard.tsx": 1776822989.1123724,
  "src\\components\\dashboard\\PitWallStats.tsx": 1777412273.950535,
  "src\\components\\dashboard\\QuickLinks.tsx": 1776822998.1637528,
  "src\\components\\dashboard\\SeasonAnalyticsPreview.tsx": 1776824885.155577,
  "src\\components\\dashboard\\SeasonStats.tsx": 1777412269.450205,
  "src\\components\\layout\\CommandCenterOverlay.tsx": 1777381856.2893949,
  "src\\components\\layout\\Navbar.tsx": 1777381912.8836706,
  "src\\components\\layout\\Ticker.tsx": 1777381869.9628596,
  "src\\components\\live\\GapSnakeChart.tsx": 1776824350.2452989,
  "src\\components\\live\\InteractiveTrackMap.tsx": 1776690299.7101135,
  "src\\components\\live\\LiveLeaderboard.tsx": 1776689925.6337879,
  "src\\components\\live\\LiveTelemetryChart.tsx": 1776824342.761675,
  "src\\components\\live\\RaceControlFeed.tsx": 1776689979.242785,
  "src\\components\\live\\RaceProgress.tsx": 1776641706.1914027,
  "src\\components\\live\\SafetyCarBanner.tsx": 1776641686.463318,
  "src\\components\\live\\TrackConditions.tsx": 1776689938.639978,
  "src\\components\\providers\\Providers.tsx": 1776821748.8812325,
  "src\\components\\ui\\CompoundBadge.tsx": 1776693548.822139,
  "src\\components\\ui\\SessionSelector.tsx": 1776822623.1164038,
  "src\\components\\ui\\Toaster.tsx": 1776822555.1812656,
  "src\\components\\ui\\TrackMap.tsx": 1776822565.3561614,
  "src\\hooks\\useF1Data.ts": 1776824021.9354484,
  "src\\hooks\\useFastF1.ts": 1777411180.024381,
  "src\\hooks\\useLiveRace.ts": 1776783285.5234873,
  "src\\lib\\api.ts": 1776821721.0636785,
  "src\\lib\\circuit-data.ts": 1776690275.6016011,
  "src\\lib\\driver-colors.ts": 1776698109.2768097,
  "src\\lib\\mock-data.ts": 1776686078.4911244,
  "src\\lib\\mockData.ts": 1776784009.9259098,
  "src\\lib\\utils.ts": 1776641155.5424557,
  "src\\store\\f1Store.ts": 1776783312.4824762,
  "src\\store\\sessionStore.ts": 1776818060.3333948,
  "src\\types\\f1.ts": 1776685179.4850726,
  "DESIGN.md": 1777381738.3007607,
  "lint_output.txt": 1776823060.2468176,
  "README.md": 1776783218.211839,
  "python-backend\\requirements.txt": 1776690842.250423,
  "python-backend\\server_log.txt": 1776695746.2897615,
  "public\\circuit-map.png": 1776688581.877048,
  "public\\file.svg": 1776640374.444769,
  "public\\globe.svg": 1776640374.4802356,
  "public\\hero-car.png": 1776688554.728412,
  "public\\next.svg": 1776640374.506395,
  "public\\vercel.svg": 1776640374.5336516,
  "public\\window.svg": 1776640374.555027
}